client,action,resource,datetime
Клиент 0,Формирование набора критериев,Клиент,1970-04-26 20:46:40
Клиент 0,Запрос в информационную систему,Менеджер,1970-04-26 20:46:41
Клиент 0,Обновление списка,Информационная система,1970-04-26 20:46:42
Клиент 0,Запрос в информационную систему,Менеджер,1970-04-26 20:46:43
Клиент 0,Обновление списка,Информационная система,1970-04-26 20:46:44
Клиент 0,Обновление счетчика списка,Информационная система,1970-04-26 20:46:45
Клиент 0,Выбор варианта,Клиент,1970-04-26 20:46:46
Клиент 1,Формирование набора критериев,Клиент,1970-04-26 20:46:47
Клиент 1,Запрос в информационную систему,Менеджер,1970-04-26 20:46:48
Клиент 1,Обновление списка,Информационная система,1970-04-26 20:46:49
Клиент 1,Запрос в информационную систему,Менеджер,1970-04-26 20:46:50
Клиент 1,Обновление списка,Информационная система,1970-04-26 20:46:51
Клиент 1,Обновление счетчика списка,Информационная система,1970-04-26 20:46:52
Клиент 1,Выбор варианта,Клиент,1970-04-26 20:46:53
Клиент 2,Формирование набора критериев,Клиент,1970-04-26 20:46:54
Клиент 2,Запрос в информационную систему,Менеджер,1970-04-26 20:46:55
Клиент 2,Обновление списка,Информационная система,1970-04-26 20:46:56
Клиент 2,Запрос в информационную систему,Менеджер,1970-04-26 20:46:57
Клиент 2,Обновление списка,Информационная система,1970-04-26 20:46:58
Клиент 2,Обновление счетчика списка,Информационная система,1970-04-26 20:46:59
Клиент 2,Выбор варианта,Клиент,1970-04-26 20:47:00
Клиент 3,Формирование набора критериев,Клиент,1970-04-26 20:47:01
Клиент 3,Запрос в информационную систему,Менеджер,1970-04-26 20:47:02
Клиент 3,Обновление списка,Информационная система,1970-04-26 20:47:03
Клиент 3,Обновление счетчика списка,Информационная система,1970-04-26 20:47:04
Клиент 3,Выбор варианта,Клиент,1970-04-26 20:47:05
Клиент 3,Обнуление списка вариантоа,,1970-04-26 20:47:06
Клиент 3,Запрос в информационную систему,Менеджер,1970-04-26 20:47:07
Клиент 3,Обновление списка,Информационная система,1970-04-26 20:47:08
Клиент 3,Обновление счетчика списка,Информационная система,1970-04-26 20:47:09
Клиент 3,Выбор варианта,Клиент,1970-04-26 20:47:10
Клиент 4,Формирование набора критериев,Клиент,1970-04-26 20:47:11
Клиент 4,Запрос в информационную систему,Менеджер,1970-04-26 20:47:12
Клиент 4,Обновление списка,Информационная система,1970-04-26 20:47:13
Клиент 4,Запрос в информационную систему,Менеджер,1970-04-26 20:47:14
Клиент 4,Обновление списка,Информационная система,1970-04-26 20:47:15
Клиент 4,Обновление счетчика списка,Информационная система,1970-04-26 20:47:16
Клиент 4,Выбор варианта,Клиент,1970-04-26 20:47:17
Клиент 5,Формирование набора критериев,Клиент,1970-04-26 20:47:18
Клиент 5,Запрос в информационную систему,Менеджер,1970-04-26 20:47:19
Клиент 5,Обновление списка,Информационная система,1970-04-26 20:47:20
Клиент 5,Обновление счетчика списка,Информационная система,1970-04-26 20:47:21
Клиент 5,Выбор варианта,Клиент,1970-04-26 20:47:22
Клиент 6,Формирование набора критериев,Клиент,1970-04-26 20:47:23
Клиент 6,Запрос в информационную систему,Менеджер,1970-04-26 20:47:24
Клиент 6,Обновление списка,Информационная система,1970-04-26 20:47:25
Клиент 6,Обновление счетчика списка,Информационная система,1970-04-26 20:47:26
Клиент 6,Выбор варианта,Клиент,1970-04-26 20:47:27
Клиент 7,Формирование набора критериев,Клиент,1970-04-26 20:47:28
Клиент 7,Запрос в информационную систему,Менеджер,1970-04-26 20:47:29
Клиент 7,Обновление списка,Информационная система,1970-04-26 20:47:30
Клиент 7,Обновление счетчика списка,Информационная система,1970-04-26 20:47:31
Клиент 7,Выбор варианта,Клиент,1970-04-26 20:47:32
Клиент 7,Обнуление списка вариантоа,,1970-04-26 20:47:33
Клиент 7,Запрос в информационную систему,Менеджер,1970-04-26 20:47:34
Клиент 7,Обновление списка,Информационная система,1970-04-26 20:47:35
Клиент 7,Обновление счетчика списка,Информационная система,1970-04-26 20:47:36
Клиент 7,Выбор варианта,Клиент,1970-04-26 20:47:37
Клиент 8,Формирование набора критериев,Клиент,1970-04-26 20:47:38
Клиент 8,Запрос в информационную систему,Менеджер,1970-04-26 20:47:39
Клиент 8,Обновление списка,Информационная система,1970-04-26 20:47:40
Клиент 8,Обновление счетчика списка,Информационная система,1970-04-26 20:47:41
Клиент 8,Выбор варианта,Клиент,1970-04-26 20:47:42
Клиент 9,Формирование набора критериев,Клиент,1970-04-26 20:47:43
Клиент 9,Запрос в информационную систему,Менеджер,1970-04-26 20:47:44
Клиент 9,Обновление списка,Информационная система,1970-04-26 20:47:45
Клиент 9,Обновление счетчика списка,Информационная система,1970-04-26 20:47:46
Клиент 9,Выбор варианта,Клиент,1970-04-26 20:47:47
Клиент 9,Обнуление списка вариантоа,,1970-04-26 20:47:48
Клиент 9,Запрос в информационную систему,Менеджер,1970-04-26 20:47:49
Клиент 9,Обновление списка,Информационная система,1970-04-26 20:47:50
Клиент 9,Запрос в информационную систему,Менеджер,1970-04-26 20:47:51
Клиент 9,Обновление списка,Информационная система,1970-04-26 20:47:52
Клиент 9,Запрос в информационную систему,Менеджер,1970-04-26 20:47:53
Клиент 9,Обновление списка,Информационная система,1970-04-26 20:47:54
Клиент 9,Обновление счетчика списка,Информационная система,1970-04-26 20:47:55
Клиент 9,Выбор варианта,Клиент,1970-04-26 20:47:56
Клиент 9,Формирование договора и соглашения о задатке,Формирование документа,1970-04-26 20:47:57
Клиент 9,Подписание договора и предоставление чека об оплате,Клиент,1970-04-26 20:47:58
Клиент 9,Проверка поступления денег,Финансовый отдел,1970-04-26 20:47:59
Клиент 9,Проверка подписанного договора,Менеджер,1970-04-26 20:48:00
Клиент 9,Передача ключей клиенту,Менеджер,1970-04-26 20:48:01
Клиент 10,Формирование набора критериев,Клиент,1970-04-26 20:48:02
Клиент 10,Запрос в информационную систему,Менеджер,1970-04-26 20:48:03
Клиент 10,Обновление списка,Информационная система,1970-04-26 20:48:04
Клиент 10,Запрос в информационную систему,Менеджер,1970-04-26 20:48:05
Клиент 10,Обновление списка,Информационная система,1970-04-26 20:48:06
Клиент 10,Запрос в информационную систему,Менеджер,1970-04-26 20:48:07
Клиент 10,Обновление списка,Информационная система,1970-04-26 20:48:08
Клиент 10,Обновление счетчика списка,Информационная система,1970-04-26 20:48:09
Клиент 10,Выбор варианта,Клиент,1970-04-26 20:48:10
Клиент 10,Обнуление списка вариантоа,,1970-04-26 20:48:11
Клиент 10,Запрос в информационную систему,Менеджер,1970-04-26 20:48:12
Клиент 10,Обновление списка,Информационная система,1970-04-26 20:48:13
Клиент 10,Запрос в информационную систему,Менеджер,1970-04-26 20:48:14
Клиент 10,Обновление списка,Информационная система,1970-04-26 20:48:15
Клиент 10,Запрос в информационную систему,Менеджер,1970-04-26 20:48:16
Клиент 10,Обновление списка,Информационная система,1970-04-26 20:48:17
Клиент 10,Запрос в информационную систему,Менеджер,1970-04-26 20:48:18
Клиент 10,Обновление списка,Информационная система,1970-04-26 20:48:19
Клиент 10,Запрос в информационную систему,Менеджер,1970-04-26 20:48:20
Клиент 10,Обновление списка,Информационная система,1970-04-26 20:48:21
Клиент 10,Обновление счетчика списка,Информационная система,1970-04-26 20:48:22
Клиент 10,Выбор варианта,Клиент,1970-04-26 20:48:23
Клиент 11,Формирование набора критериев,Клиент,1970-04-26 20:48:24
Клиент 11,Запрос в информационную систему,Менеджер,1970-04-26 20:48:25
Клиент 11,Обновление списка,Информационная система,1970-04-26 20:48:26
Клиент 11,Обновление счетчика списка,Информационная система,1970-04-26 20:48:27
Клиент 11,Выбор варианта,Клиент,1970-04-26 20:48:28
Клиент 12,Формирование набора критериев,Клиент,1970-04-26 20:48:29
Клиент 12,Запрос в информационную систему,Менеджер,1970-04-26 20:48:30
Клиент 12,Обновление списка,Информационная система,1970-04-26 20:48:31
Клиент 12,Запрос в информационную систему,Менеджер,1970-04-26 20:48:32
Клиент 12,Обновление списка,Информационная система,1970-04-26 20:48:33
Клиент 12,Обновление счетчика списка,Информационная система,1970-04-26 20:48:34
Клиент 12,Выбор варианта,Клиент,1970-04-26 20:48:35
Клиент 13,Формирование набора критериев,Клиент,1970-04-26 20:48:36
Клиент 13,Запрос в информационную систему,Менеджер,1970-04-26 20:48:37
Клиент 13,Обновление списка,Информационная система,1970-04-26 20:48:38
Клиент 13,Запрос в информационную систему,Менеджер,1970-04-26 20:48:39
Клиент 13,Обновление списка,Информационная система,1970-04-26 20:48:40
Клиент 13,Обновление счетчика списка,Информационная система,1970-04-26 20:48:41
Клиент 13,Выбор варианта,Клиент,1970-04-26 20:48:42
Клиент 13,Формирование договора и соглашения о задатке,Формирование документа,1970-04-26 20:48:43
Клиент 13,Подписание договора и предоставление чека об оплате,Клиент,1970-04-26 20:48:44
Клиент 13,Проверка поступления денег,Финансовый отдел,1970-04-26 20:48:45
Клиент 13,Проверка подписанного договора,Менеджер,1970-04-26 20:48:46
Клиент 13,Передача ключей клиенту,Менеджер,1970-04-26 20:48:47
Клиент 14,Формирование набора критериев,Клиент,1970-04-26 20:48:48
Клиент 14,Запрос в информационную систему,Менеджер,1970-04-26 20:48:49
Клиент 14,Обновление списка,Информационная система,1970-04-26 20:48:50
Клиент 14,Запрос в информационную систему,Менеджер,1970-04-26 20:48:51
Клиент 14,Обновление списка,Информационная система,1970-04-26 20:48:52
Клиент 14,Запрос в информационную систему,Менеджер,1970-04-26 20:48:53
Клиент 14,Обновление списка,Информационная система,1970-04-26 20:48:54
Клиент 14,Обновление счетчика списка,Информационная система,1970-04-26 20:48:55
Клиент 14,Выбор варианта,Клиент,1970-04-26 20:48:56
Клиент 14,Обнуление списка вариантоа,,1970-04-26 20:48:57
Клиент 14,Запрос в информационную систему,Менеджер,1970-04-26 20:48:58
Клиент 14,Обновление списка,Информационная система,1970-04-26 20:48:59
Клиент 14,Запрос в информационную систему,Менеджер,1970-04-26 20:49:00
Клиент 14,Обновление списка,Информационная система,1970-04-26 20:49:01
Клиент 14,Запрос в информационную систему,Менеджер,1970-04-26 20:49:02
Клиент 14,Обновление списка,Информационная система,1970-04-26 20:49:03
Клиент 14,Обновление счетчика списка,Информационная система,1970-04-26 20:49:04
Клиент 14,Выбор варианта,Клиент,1970-04-26 20:49:05
Клиент 15,Формирование набора критериев,Клиент,1970-04-26 20:49:06
Клиент 15,Запрос в информационную систему,Менеджер,1970-04-26 20:49:07
Клиент 15,Обновление списка,Информационная система,1970-04-26 20:49:08
Клиент 15,Обновление счетчика списка,Информационная система,1970-04-26 20:49:09
Клиент 15,Выбор варианта,Клиент,1970-04-26 20:49:10
Клиент 16,Формирование набора критериев,Клиент,1970-04-26 20:49:11
Клиент 16,Запрос в информационную систему,Менеджер,1970-04-26 20:49:12
Клиент 16,Обновление списка,Информационная система,1970-04-26 20:49:13
Клиент 16,Обновление счетчика списка,Информационная система,1970-04-26 20:49:14
Клиент 16,Выбор варианта,Клиент,1970-04-26 20:49:15
Клиент 16,Обнуление списка вариантоа,,1970-04-26 20:49:16
Клиент 16,Запрос в информационную систему,Менеджер,1970-04-26 20:49:17
Клиент 16,Обновление списка,Информационная система,1970-04-26 20:49:18
Клиент 16,Обновление счетчика списка,Информационная система,1970-04-26 20:49:19
Клиент 16,Выбор варианта,Клиент,1970-04-26 20:49:20
Клиент 16,Обнуление списка вариантоа,,1970-04-26 20:49:21
Клиент 16,Запрос в информационную систему,Менеджер,1970-04-26 20:49:22
Клиент 16,Обновление списка,Информационная система,1970-04-26 20:49:23
Клиент 16,Обновление счетчика списка,Информационная система,1970-04-26 20:49:24
Клиент 16,Выбор варианта,Клиент,1970-04-26 20:49:25
Клиент 16,Формирование договора и соглашения о задатке,Формирование документа,1970-04-26 20:49:26
Клиент 16,Подписание договора и предоставление чека об оплате,Клиент,1970-04-26 20:49:27
Клиент 16,Проверка поступления денег,Финансовый отдел,1970-04-26 20:49:28
Клиент 16,Проверка подписанного договора,Менеджер,1970-04-26 20:49:29
Клиент 16,Передача ключей клиенту,Менеджер,1970-04-26 20:49:30
Клиент 17,Формирование набора критериев,Клиент,1970-04-26 20:49:31
Клиент 17,Запрос в информационную систему,Менеджер,1970-04-26 20:49:32
Клиент 17,Обновление списка,Информационная система,1970-04-26 20:49:33
Клиент 17,Обновление счетчика списка,Информационная система,1970-04-26 20:49:34
Клиент 17,Выбор варианта,Клиент,1970-04-26 20:49:35
Клиент 18,Формирование набора критериев,Клиент,1970-04-26 20:49:36
Клиент 18,Запрос в информационную систему,Менеджер,1970-04-26 20:49:37
Клиент 18,Обновление списка,Информационная система,1970-04-26 20:49:38
Клиент 18,Запрос в информационную систему,Менеджер,1970-04-26 20:49:39
Клиент 18,Обновление списка,Информационная система,1970-04-26 20:49:40
Клиент 18,Обновление счетчика списка,Информационная система,1970-04-26 20:49:41
Клиент 18,Выбор варианта,Клиент,1970-04-26 20:49:42
Клиент 19,Формирование набора критериев,Клиент,1970-04-26 20:49:43
Клиент 19,Запрос в информационную систему,Менеджер,1970-04-26 20:49:44
Клиент 19,Обновление списка,Информационная система,1970-04-26 20:49:45
Клиент 19,Запрос в информационную систему,Менеджер,1970-04-26 20:49:46
Клиент 19,Обновление списка,Информационная система,1970-04-26 20:49:47
Клиент 19,Запрос в информационную систему,Менеджер,1970-04-26 20:49:48
Клиент 19,Обновление списка,Информационная система,1970-04-26 20:49:49
Клиент 19,Обновление счетчика списка,Информационная система,1970-04-26 20:49:50
Клиент 19,Выбор варианта,Клиент,1970-04-26 20:49:51
Клиент 19,Формирование договора и соглашения о задатке,Формирование документа,1970-04-26 20:49:52
Клиент 19,Подписание договора и предоставление чека об оплате,Клиент,1970-04-26 20:49:53
Клиент 19,Проверка подписанного договора,Менеджер,1970-04-26 20:49:54
Клиент 19,Проверка поступления денег,Финансовый отдел,1970-04-26 20:49:55
Клиент 19,Передача ключей клиенту,Менеджер,1970-04-26 20:49:56
Клиент 20,Формирование набора критериев,Клиент,1970-04-26 20:49:57
Клиент 20,Запрос в информационную систему,Менеджер,1970-04-26 20:49:58
Клиент 20,Обновление списка,Информационная система,1970-04-26 20:49:59
Клиент 20,Запрос в информационную систему,Менеджер,1970-04-26 20:50:00
Клиент 20,Обновление списка,Информационная система,1970-04-26 20:50:01
Клиент 20,Обновление счетчика списка,Информационная система,1970-04-26 20:50:02
Клиент 20,Выбор варианта,Клиент,1970-04-26 20:50:03
Клиент 20,Обнуление списка вариантоа,,1970-04-26 20:50:04
Клиент 20,Запрос в информационную систему,Менеджер,1970-04-26 20:50:05
Клиент 20,Обновление списка,Информационная система,1970-04-26 20:50:06
Клиент 20,Запрос в информационную систему,Менеджер,1970-04-26 20:50:07
Клиент 20,Обновление списка,Информационная система,1970-04-26 20:50:08
Клиент 20,Обновление счетчика списка,Информационная система,1970-04-26 20:50:09
Клиент 20,Выбор варианта,Клиент,1970-04-26 20:50:10
Клиент 21,Формирование набора критериев,Клиент,1970-04-26 20:50:11
Клиент 21,Запрос в информационную систему,Менеджер,1970-04-26 20:50:12
Клиент 21,Обновление списка,Информационная система,1970-04-26 20:50:13
Клиент 21,Обновление счетчика списка,Информационная система,1970-04-26 20:50:14
Клиент 21,Выбор варианта,Клиент,1970-04-26 20:50:15
Клиент 21,Обнуление списка вариантоа,,1970-04-26 20:50:16
Клиент 21,Запрос в информационную систему,Менеджер,1970-04-26 20:50:17
Клиент 21,Обновление списка,Информационная система,1970-04-26 20:50:18
Клиент 21,Запрос в информационную систему,Менеджер,1970-04-26 20:50:19
Клиент 21,Обновление списка,Информационная система,1970-04-26 20:50:20
Клиент 21,Обновление счетчика списка,Информационная система,1970-04-26 20:50:21
Клиент 21,Выбор варианта,Клиент,1970-04-26 20:50:22
Клиент 21,Обнуление списка вариантоа,,1970-04-26 20:50:23
Клиент 21,Запрос в информационную систему,Менеджер,1970-04-26 20:50:24
Клиент 21,Обновление списка,Информационная система,1970-04-26 20:50:25
Клиент 21,Обновление счетчика списка,Информационная система,1970-04-26 20:50:26
Клиент 21,Выбор варианта,Клиент,1970-04-26 20:50:27
Клиент 21,Обнуление списка вариантоа,,1970-04-26 20:50:28
Клиент 21,Запрос в информационную систему,Менеджер,1970-04-26 20:50:29
Клиент 21,Обновление списка,Информационная система,1970-04-26 20:50:30
Клиент 21,Обновление счетчика списка,Информационная система,1970-04-26 20:50:31
Клиент 21,Выбор варианта,Клиент,1970-04-26 20:50:32
Клиент 22,Формирование набора критериев,Клиент,1970-04-26 20:50:33
Клиент 22,Запрос в информационную систему,Менеджер,1970-04-26 20:50:34
Клиент 22,Обновление списка,Информационная система,1970-04-26 20:50:35
Клиент 22,Запрос в информационную систему,Менеджер,1970-04-26 20:50:36
Клиент 22,Обновление списка,Информационная система,1970-04-26 20:50:37
Клиент 22,Обновление счетчика списка,Информационная система,1970-04-26 20:50:38
Клиент 22,Выбор варианта,Клиент,1970-04-26 20:50:39
Клиент 23,Формирование набора критериев,Клиент,1970-04-26 20:50:40
Клиент 23,Запрос в информационную систему,Менеджер,1970-04-26 20:50:41
Клиент 23,Обновление списка,Информационная система,1970-04-26 20:50:42
Клиент 23,Запрос в информационную систему,Менеджер,1970-04-26 20:50:43
Клиент 23,Обновление списка,Информационная система,1970-04-26 20:50:44
Клиент 23,Запрос в информационную систему,Менеджер,1970-04-26 20:50:45
Клиент 23,Обновление списка,Информационная система,1970-04-26 20:50:46
Клиент 23,Запрос в информационную систему,Менеджер,1970-04-26 20:50:47
Клиент 23,Обновление списка,Информационная система,1970-04-26 20:50:48
Клиент 23,Обновление счетчика списка,Информационная система,1970-04-26 20:50:49
Клиент 23,Выбор варианта,Клиент,1970-04-26 20:50:50
Клиент 23,Формирование договора и соглашения о задатке,Формирование документа,1970-04-26 20:50:51
Клиент 23,Подписание договора и предоставление чека об оплате,Клиент,1970-04-26 20:50:52
Клиент 23,Проверка подписанного договора,Менеджер,1970-04-26 20:50:53
Клиент 23,Проверка поступления денег,Финансовый отдел,1970-04-26 20:50:54
Клиент 23,Передача ключей клиенту,Менеджер,1970-04-26 20:50:55
Клиент 24,Формирование набора критериев,Клиент,1970-04-26 20:50:56
Клиент 24,Запрос в информационную систему,Менеджер,1970-04-26 20:50:57
Клиент 24,Обновление списка,Информационная система,1970-04-26 20:50:58
Клиент 24,Запрос в информационную систему,Менеджер,1970-04-26 20:50:59
Клиент 24,Обновление списка,Информационная система,1970-04-26 20:51:00
Клиент 24,Запрос в информационную систему,Менеджер,1970-04-26 20:51:01
Клиент 24,Обновление списка,Информационная система,1970-04-26 20:51:02
Клиент 24,Обновление счетчика списка,Информационная система,1970-04-26 20:51:03
Клиент 24,Выбор варианта,Клиент,1970-04-26 20:51:04
Клиент 24,Формирование договора и соглашения о задатке,Формирование документа,1970-04-26 20:51:05
Клиент 24,Подписание договора и предоставление чека об оплате,Клиент,1970-04-26 20:51:06
Клиент 24,Проверка поступления денег,Финансовый отдел,1970-04-26 20:51:07
Клиент 24,Проверка подписанного договора,Менеджер,1970-04-26 20:51:08
Клиент 24,Передача ключей клиенту,Менеджер,1970-04-26 20:51:09
Клиент 25,Формирование набора критериев,Клиент,1970-04-26 20:51:10
Клиент 25,Запрос в информационную систему,Менеджер,1970-04-26 20:51:11
Клиент 25,Обновление списка,Информационная система,1970-04-26 20:51:12
Клиент 25,Обновление счетчика списка,Информационная система,1970-04-26 20:51:13
Клиент 25,Выбор варианта,Клиент,1970-04-26 20:51:14
Клиент 25,Формирование договора и соглашения о задатке,Формирование документа,1970-04-26 20:51:15
Клиент 25,Подписание договора и предоставление чека об оплате,Клиент,1970-04-26 20:51:16
Клиент 25,Проверка подписанного договора,Менеджер,1970-04-26 20:51:17
Клиент 25,Проверка поступления денег,Финансовый отдел,1970-04-26 20:51:18
Клиент 25,Передача ключей клиенту,Менеджер,1970-04-26 20:51:19
Клиент 26,Формирование набора критериев,Клиент,1970-04-26 20:51:20
Клиент 26,Запрос в информационную систему,Менеджер,1970-04-26 20:51:21
Клиент 26,Обновление списка,Информационная система,1970-04-26 20:51:22
Клиент 26,Запрос в информационную систему,Менеджер,1970-04-26 20:51:23
Клиент 26,Обновление списка,Информационная система,1970-04-26 20:51:24
Клиент 26,Запрос в информационную систему,Менеджер,1970-04-26 20:51:25
Клиент 26,Обновление списка,Информационная система,1970-04-26 20:51:26
Клиент 26,Запрос в информационную систему,Менеджер,1970-04-26 20:51:27
Клиент 26,Обновление списка,Информационная система,1970-04-26 20:51:28
Клиент 26,Обновление счетчика списка,Информационная система,1970-04-26 20:51:29
Клиент 26,Выбор варианта,Клиент,1970-04-26 20:51:30
Клиент 26,Обнуление списка вариантоа,,1970-04-26 20:51:31
Клиент 26,Запрос в информационную систему,Менеджер,1970-04-26 20:51:32
Клиент 26,Обновление списка,Информационная система,1970-04-26 20:51:33
Клиент 26,Обновление счетчика списка,Информационная система,1970-04-26 20:51:34
Клиент 26,Выбор варианта,Клиент,1970-04-26 20:51:35
Клиент 27,Формирование набора критериев,Клиент,1970-04-26 20:51:36
Клиент 27,Запрос в информационную систему,Менеджер,1970-04-26 20:51:37
Клиент 27,Обновление списка,Информационная система,1970-04-26 20:51:38
Клиент 27,Обновление счетчика списка,Информационная система,1970-04-26 20:51:39
Клиент 27,Выбор варианта,Клиент,1970-04-26 20:51:40
Клиент 27,Формирование договора и соглашения о задатке,Формирование документа,1970-04-26 20:51:41
Клиент 27,Подписание договора и предоставление чека об оплате,Клиент,1970-04-26 20:51:42
Клиент 27,Проверка поступления денег,Финансовый отдел,1970-04-26 20:51:43
Клиент 27,Проверка подписанного договора,Менеджер,1970-04-26 20:51:44
Клиент 27,Передача ключей клиенту,Менеджер,1970-04-26 20:51:45
Клиент 28,Формирование набора критериев,Клиент,1970-04-26 20:51:46
Клиент 28,Запрос в информационную систему,Менеджер,1970-04-26 20:51:47
Клиент 28,Обновление списка,Информационная система,1970-04-26 20:51:48
Клиент 28,Обновление счетчика списка,Информационная система,1970-04-26 20:51:49
Клиент 28,Выбор варианта,Клиент,1970-04-26 20:51:50
Клиент 28,Обнуление списка вариантоа,,1970-04-26 20:51:51
Клиент 28,Запрос в информационную систему,Менеджер,1970-04-26 20:51:52
Клиент 28,Обновление списка,Информационная система,1970-04-26 20:51:53
Клиент 28,Запрос в информационную систему,Менеджер,1970-04-26 20:51:54
Клиент 28,Обновление списка,Информационная система,1970-04-26 20:51:55
Клиент 28,Обновление счетчика списка,Информационная система,1970-04-26 20:51:56
Клиент 28,Выбор варианта,Клиент,1970-04-26 20:51:57
Клиент 29,Формирование набора критериев,Клиент,1970-04-26 20:51:58
Клиент 29,Запрос в информационную систему,Менеджер,1970-04-26 20:51:59
Клиент 29,Обновление списка,Информационная система,1970-04-26 20:52:00
Клиент 29,Запрос в информационную систему,Менеджер,1970-04-26 20:52:01
Клиент 29,Обновление списка,Информационная система,1970-04-26 20:52:02
Клиент 29,Запрос в информационную систему,Менеджер,1970-04-26 20:52:03
Клиент 29,Обновление списка,Информационная система,1970-04-26 20:52:04
Клиент 29,Обновление счетчика списка,Информационная система,1970-04-26 20:52:05
Клиент 29,Выбор варианта,Клиент,1970-04-26 20:52:06
Клиент 29,Формирование договора и соглашения о задатке,Формирование документа,1970-04-26 20:52:07
Клиент 29,Подписание договора и предоставление чека об оплате,Клиент,1970-04-26 20:52:08
Клиент 29,Проверка поступления денег,Финансовый отдел,1970-04-26 20:52:09
Клиент 29,Проверка подписанного договора,Менеджер,1970-04-26 20:52:10
Клиент 29,Передача ключей клиенту,Менеджер,1970-04-26 20:52:11
Клиент 30,Формирование набора критериев,Клиент,1970-04-26 20:52:12
Клиент 30,Запрос в информационную систему,Менеджер,1970-04-26 20:52:13
Клиент 30,Обновление списка,Информационная система,1970-04-26 20:52:14
Клиент 30,Обновление счетчика списка,Информационная система,1970-04-26 20:52:15
Клиент 30,Выбор варианта,Клиент,1970-04-26 20:52:16
Клиент 30,Обнуление списка вариантоа,,1970-04-26 20:52:17
Клиент 30,Запрос в информационную систему,Менеджер,1970-04-26 20:52:18
Клиент 30,Обновление списка,Информационная система,1970-04-26 20:52:19
Клиент 30,Запрос в информационную систему,Менеджер,1970-04-26 20:52:20
Клиент 30,Обновление списка,Информационная система,1970-04-26 20:52:21
Клиент 30,Запрос в информационную систему,Менеджер,1970-04-26 20:52:22
Клиент 30,Обновление списка,Информационная система,1970-04-26 20:52:23
Клиент 30,Обновление счетчика списка,Информационная система,1970-04-26 20:52:24
Клиент 30,Выбор варианта,Клиент,1970-04-26 20:52:25
Клиент 30,Обнуление списка вариантоа,,1970-04-26 20:52:26
Клиент 30,Запрос в информационную систему,Менеджер,1970-04-26 20:52:27
Клиент 30,Обновление списка,Информационная система,1970-04-26 20:52:28
Клиент 30,Запрос в информационную систему,Менеджер,1970-04-26 20:52:29
Клиент 30,Обновление списка,Информационная система,1970-04-26 20:52:30
Клиент 30,Обновление счетчика списка,Информационная система,1970-04-26 20:52:31
Клиент 30,Выбор варианта,Клиент,1970-04-26 20:52:32
Клиент 31,Формирование набора критериев,Клиент,1970-04-26 20:52:33
Клиент 31,Запрос в информационную систему,Менеджер,1970-04-26 20:52:34
Клиент 31,Обновление списка,Информационная система,1970-04-26 20:52:35
Клиент 31,Запрос в информационную систему,Менеджер,1970-04-26 20:52:36
Клиент 31,Обновление списка,Информационная система,1970-04-26 20:52:37
Клиент 31,Запрос в информационную систему,Менеджер,1970-04-26 20:52:38
Клиент 31,Обновление списка,Информационная система,1970-04-26 20:52:39
Клиент 31,Обновление счетчика списка,Информационная система,1970-04-26 20:52:40
Клиент 31,Выбор варианта,Клиент,1970-04-26 20:52:41
Клиент 31,Обнуление списка вариантоа,,1970-04-26 20:52:42
Клиент 31,Запрос в информационную систему,Менеджер,1970-04-26 20:52:43
Клиент 31,Обновление списка,Информационная система,1970-04-26 20:52:44
Клиент 31,Обновление счетчика списка,Информационная система,1970-04-26 20:52:45
Клиент 31,Выбор варианта,Клиент,1970-04-26 20:52:46
Клиент 31,Формирование договора и соглашения о задатке,Формирование документа,1970-04-26 20:52:47
Клиент 31,Подписание договора и предоставление чека об оплате,Клиент,1970-04-26 20:52:48
Клиент 31,Проверка подписанного договора,Менеджер,1970-04-26 20:52:49
Клиент 31,Проверка поступления денег,Финансовый отдел,1970-04-26 20:52:50
Клиент 31,Передача ключей клиенту,Менеджер,1970-04-26 20:52:51
Клиент 32,Формирование набора критериев,Клиент,1970-04-26 20:52:52
Клиент 32,Запрос в информационную систему,Менеджер,1970-04-26 20:52:53
Клиент 32,Обновление списка,Информационная система,1970-04-26 20:52:54
Клиент 32,Запрос в информационную систему,Менеджер,1970-04-26 20:52:55
Клиент 32,Обновление списка,Информационная система,1970-04-26 20:52:56
Клиент 32,Запрос в информационную систему,Менеджер,1970-04-26 20:52:57
Клиент 32,Обновление списка,Информационная система,1970-04-26 20:52:58
Клиент 32,Обновление счетчика списка,Информационная система,1970-04-26 20:52:59
Клиент 32,Выбор варианта,Клиент,1970-04-26 20:53:00
Клиент 32,Формирование договора и соглашения о задатке,Формирование документа,1970-04-26 20:53:01
Клиент 32,Подписание договора и предоставление чека об оплате,Клиент,1970-04-26 20:53:02
Клиент 32,Проверка подписанного договора,Менеджер,1970-04-26 20:53:03
Клиент 32,Проверка поступления денег,Финансовый отдел,1970-04-26 20:53:04
Клиент 32,Передача ключей клиенту,Менеджер,1970-04-26 20:53:05
Клиент 33,Формирование набора критериев,Клиент,1970-04-26 20:53:06
Клиент 33,Запрос в информационную систему,Менеджер,1970-04-26 20:53:07
Клиент 33,Обновление списка,Информационная система,1970-04-26 20:53:08
Клиент 33,Обновление счетчика списка,Информационная система,1970-04-26 20:53:09
Клиент 33,Выбор варианта,Клиент,1970-04-26 20:53:10
Клиент 34,Формирование набора критериев,Клиент,1970-04-26 20:53:11
Клиент 34,Запрос в информационную систему,Менеджер,1970-04-26 20:53:12
Клиент 34,Обновление списка,Информационная система,1970-04-26 20:53:13
Клиент 34,Запрос в информационную систему,Менеджер,1970-04-26 20:53:14
Клиент 34,Обновление списка,Информационная система,1970-04-26 20:53:15
Клиент 34,Запрос в информационную систему,Менеджер,1970-04-26 20:53:16
Клиент 34,Обновление списка,Информационная система,1970-04-26 20:53:17
Клиент 34,Запрос в информационную систему,Менеджер,1970-04-26 20:53:18
Клиент 34,Обновление списка,Информационная система,1970-04-26 20:53:19
Клиент 34,Запрос в информационную систему,Менеджер,1970-04-26 20:53:20
Клиент 34,Обновление списка,Информационная система,1970-04-26 20:53:21
Клиент 34,Обновление счетчика списка,Информационная система,1970-04-26 20:53:22
Клиент 34,Выбор варианта,Клиент,1970-04-26 20:53:23
Клиент 34,Обнуление списка вариантоа,,1970-04-26 20:53:24
Клиент 34,Запрос в информационную систему,Менеджер,1970-04-26 20:53:25
Клиент 34,Обновление списка,Информационная система,1970-04-26 20:53:26
Клиент 34,Обновление счетчика списка,Информационная система,1970-04-26 20:53:27
Клиент 34,Выбор варианта,Клиент,1970-04-26 20:53:28
Клиент 35,Формирование набора критериев,Клиент,1970-04-26 20:53:29
Клиент 35,Запрос в информационную систему,Менеджер,1970-04-26 20:53:30
Клиент 35,Обновление списка,Информационная система,1970-04-26 20:53:31
Клиент 35,Запрос в информационную систему,Менеджер,1970-04-26 20:53:32
Клиент 35,Обновление списка,Информационная система,1970-04-26 20:53:33
Клиент 35,Обновление счетчика списка,Информационная система,1970-04-26 20:53:34
Клиент 35,Выбор варианта,Клиент,1970-04-26 20:53:35
Клиент 36,Формирование набора критериев,Клиент,1970-04-26 20:53:36
Клиент 36,Запрос в информационную систему,Менеджер,1970-04-26 20:53:37
Клиент 36,Обновление списка,Информационная система,1970-04-26 20:53:38
Клиент 36,Обновление счетчика списка,Информационная система,1970-04-26 20:53:39
Клиент 36,Выбор варианта,Клиент,1970-04-26 20:53:40
Клиент 36,Обнуление списка вариантоа,,1970-04-26 20:53:41
Клиент 36,Запрос в информационную систему,Менеджер,1970-04-26 20:53:42
Клиент 36,Обновление списка,Информационная система,1970-04-26 20:53:43
Клиент 36,Запрос в информационную систему,Менеджер,1970-04-26 20:53:44
Клиент 36,Обновление списка,Информационная система,1970-04-26 20:53:45
Клиент 36,Запрос в информационную систему,Менеджер,1970-04-26 20:53:46
Клиент 36,Обновление списка,Информационная система,1970-04-26 20:53:47
Клиент 36,Запрос в информационную систему,Менеджер,1970-04-26 20:53:48
Клиент 36,Обновление списка,Информационная система,1970-04-26 20:53:49
Клиент 36,Обновление счетчика списка,Информационная система,1970-04-26 20:53:50
Клиент 36,Выбор варианта,Клиент,1970-04-26 20:53:51
Клиент 36,Обнуление списка вариантоа,,1970-04-26 20:53:52
Клиент 36,Запрос в информационную систему,Менеджер,1970-04-26 20:53:53
Клиент 36,Обновление списка,Информационная система,1970-04-26 20:53:54
Клиент 36,Запрос в информационную систему,Менеджер,1970-04-26 20:53:55
Клиент 36,Обновление списка,Информационная система,1970-04-26 20:53:56
Клиент 36,Запрос в информационную систему,Менеджер,1970-04-26 20:53:57
Клиент 36,Обновление списка,Информационная система,1970-04-26 20:53:58
Клиент 36,Обновление счетчика списка,Информационная система,1970-04-26 20:53:59
Клиент 36,Выбор варианта,Клиент,1970-04-26 20:54:00
Клиент 36,Формирование договора и соглашения о задатке,Формирование документа,1970-04-26 20:54:01
Клиент 36,Подписание договора и предоставление чека об оплате,Клиент,1970-04-26 20:54:02
Клиент 36,Проверка поступления денег,Финансовый отдел,1970-04-26 20:54:03
Клиент 36,Проверка подписанного договора,Менеджер,1970-04-26 20:54:04
Клиент 36,Передача ключей клиенту,Менеджер,1970-04-26 20:54:05
Клиент 37,Формирование набора критериев,Клиент,1970-04-26 20:54:06
Клиент 37,Запрос в информационную систему,Менеджер,1970-04-26 20:54:07
Клиент 37,Обновление списка,Информационная система,1970-04-26 20:54:08
Клиент 37,Обновление счетчика списка,Информационная система,1970-04-26 20:54:09
Клиент 37,Выбор варианта,Клиент,1970-04-26 20:54:10
Клиент 37,Формирование договора и соглашения о задатке,Формирование документа,1970-04-26 20:54:11
Клиент 37,Подписание договора и предоставление чека об оплате,Клиент,1970-04-26 20:54:12
Клиент 37,Проверка поступления денег,Финансовый отдел,1970-04-26 20:54:13
Клиент 37,Проверка подписанного договора,Менеджер,1970-04-26 20:54:14
Клиент 37,Передача ключей клиенту,Менеджер,1970-04-26 20:54:15
Клиент 38,Формирование набора критериев,Клиент,1970-04-26 20:54:16
Клиент 38,Запрос в информационную систему,Менеджер,1970-04-26 20:54:17
Клиент 38,Обновление списка,Информационная система,1970-04-26 20:54:18
Клиент 38,Обновление счетчика списка,Информационная система,1970-04-26 20:54:19
Клиент 38,Выбор варианта,Клиент,1970-04-26 20:54:20
Клиент 38,Формирование договора и соглашения о задатке,Формирование документа,1970-04-26 20:54:21
Клиент 38,Подписание договора и предоставление чека об оплате,Клиент,1970-04-26 20:54:22
Клиент 38,Проверка подписанного договора,Менеджер,1970-04-26 20:54:23
Клиент 38,Проверка поступления денег,Финансовый отдел,1970-04-26 20:54:24
Клиент 38,Передача ключей клиенту,Менеджер,1970-04-26 20:54:25
Клиент 39,Формирование набора критериев,Клиент,1970-04-26 20:54:26
Клиент 39,Запрос в информационную систему,Менеджер,1970-04-26 20:54:27
Клиент 39,Обновление списка,Информационная система,1970-04-26 20:54:28
Клиент 39,Запрос в информационную систему,Менеджер,1970-04-26 20:54:29
Клиент 39,Обновление списка,Информационная система,1970-04-26 20:54:30
Клиент 39,Запрос в информационную систему,Менеджер,1970-04-26 20:54:31
Клиент 39,Обновление списка,Информационная система,1970-04-26 20:54:32
Клиент 39,Обновление счетчика списка,Информационная система,1970-04-26 20:54:33
Клиент 39,Выбор варианта,Клиент,1970-04-26 20:54:34
Клиент 40,Формирование набора критериев,Клиент,1970-04-26 20:54:35
Клиент 40,Запрос в информационную систему,Менеджер,1970-04-26 20:54:36
Клиент 40,Обновление списка,Информационная система,1970-04-26 20:54:37
Клиент 40,Запрос в информационную систему,Менеджер,1970-04-26 20:54:38
Клиент 40,Обновление списка,Информационная система,1970-04-26 20:54:39
Клиент 40,Запрос в информационную систему,Менеджер,1970-04-26 20:54:40
Клиент 40,Обновление списка,Информационная система,1970-04-26 20:54:41
Клиент 40,Запрос в информационную систему,Менеджер,1970-04-26 20:54:42
Клиент 40,Обновление списка,Информационная система,1970-04-26 20:54:43
Клиент 40,Запрос в информационную систему,Менеджер,1970-04-26 20:54:44
Клиент 40,Обновление списка,Информационная система,1970-04-26 20:54:45
Клиент 40,Запрос в информационную систему,Менеджер,1970-04-26 20:54:46
Клиент 40,Обновление списка,Информационная система,1970-04-26 20:54:47
Клиент 40,Запрос в информационную систему,Менеджер,1970-04-26 20:54:48
Клиент 40,Обновление списка,Информационная система,1970-04-26 20:54:49
Клиент 40,Обновление счетчика списка,Информационная система,1970-04-26 20:54:50
Клиент 40,Выбор варианта,Клиент,1970-04-26 20:54:51
Клиент 41,Формирование набора критериев,Клиент,1970-04-26 20:54:52
Клиент 41,Запрос в информационную систему,Менеджер,1970-04-26 20:54:53
Клиент 41,Обновление списка,Информационная система,1970-04-26 20:54:54
Клиент 41,Обновление счетчика списка,Информационная система,1970-04-26 20:54:55
Клиент 41,Выбор варианта,Клиент,1970-04-26 20:54:56
Клиент 41,Формирование договора и соглашения о задатке,Формирование документа,1970-04-26 20:54:57
Клиент 41,Подписание договора и предоставление чека об оплате,Клиент,1970-04-26 20:54:58
Клиент 41,Проверка поступления денег,Финансовый отдел,1970-04-26 20:54:59
Клиент 41,Проверка подписанного договора,Менеджер,1970-04-26 20:55:00
Клиент 41,Передача ключей клиенту,Менеджер,1970-04-26 20:55:01
Клиент 42,Формирование набора критериев,Клиент,1970-04-26 20:55:02
Клиент 42,Запрос в информационную систему,Менеджер,1970-04-26 20:55:03
Клиент 42,Обновление списка,Информационная система,1970-04-26 20:55:04
Клиент 42,Запрос в информационную систему,Менеджер,1970-04-26 20:55:05
Клиент 42,Обновление списка,Информационная система,1970-04-26 20:55:06
Клиент 42,Обновление счетчика списка,Информационная система,1970-04-26 20:55:07
Клиент 42,Выбор варианта,Клиент,1970-04-26 20:55:08
Клиент 43,Формирование набора критериев,Клиент,1970-04-26 20:55:09
Клиент 43,Запрос в информационную систему,Менеджер,1970-04-26 20:55:10
Клиент 43,Обновление списка,Информационная система,1970-04-26 20:55:11
Клиент 43,Запрос в информационную систему,Менеджер,1970-04-26 20:55:12
Клиент 43,Обновление списка,Информационная система,1970-04-26 20:55:13
Клиент 43,Запрос в информационную систему,Менеджер,1970-04-26 20:55:14
Клиент 43,Обновление списка,Информационная система,1970-04-26 20:55:15
Клиент 43,Запрос в информационную систему,Менеджер,1970-04-26 20:55:16
Клиент 43,Обновление списка,Информационная система,1970-04-26 20:55:17
Клиент 43,Запрос в информационную систему,Менеджер,1970-04-26 20:55:18
Клиент 43,Обновление списка,Информационная система,1970-04-26 20:55:19
Клиент 43,Запрос в информационную систему,Менеджер,1970-04-26 20:55:20
Клиент 43,Обновление списка,Информационная система,1970-04-26 20:55:21
Клиент 43,Запрос в информационную систему,Менеджер,1970-04-26 20:55:22
Клиент 43,Обновление списка,Информационная система,1970-04-26 20:55:23
Клиент 43,Запрос в информационную систему,Менеджер,1970-04-26 20:55:24
Клиент 43,Обновление списка,Информационная система,1970-04-26 20:55:25
Клиент 43,Обновление счетчика списка,Информационная система,1970-04-26 20:55:26
Клиент 43,Выбор варианта,Клиент,1970-04-26 20:55:27
Клиент 44,Формирование набора критериев,Клиент,1970-04-26 20:55:28
Клиент 44,Запрос в информационную систему,Менеджер,1970-04-26 20:55:29
Клиент 44,Обновление списка,Информационная система,1970-04-26 20:55:30
Клиент 44,Запрос в информационную систему,Менеджер,1970-04-26 20:55:31
Клиент 44,Обновление списка,Информационная система,1970-04-26 20:55:32
Клиент 44,Обновление счетчика списка,Информационная система,1970-04-26 20:55:33
Клиент 44,Выбор варианта,Клиент,1970-04-26 20:55:34
Клиент 45,Формирование набора критериев,Клиент,1970-04-26 20:55:35
Клиент 45,Запрос в информационную систему,Менеджер,1970-04-26 20:55:36
Клиент 45,Обновление списка,Информационная система,1970-04-26 20:55:37
Клиент 45,Запрос в информационную систему,Менеджер,1970-04-26 20:55:38
Клиент 45,Обновление списка,Информационная система,1970-04-26 20:55:39
Клиент 45,Запрос в информационную систему,Менеджер,1970-04-26 20:55:40
Клиент 45,Обновление списка,Информационная система,1970-04-26 20:55:41
Клиент 45,Запрос в информационную систему,Менеджер,1970-04-26 20:55:42
Клиент 45,Обновление списка,Информационная система,1970-04-26 20:55:43
Клиент 45,Запрос в информационную систему,Менеджер,1970-04-26 20:55:44
Клиент 45,Обновление списка,Информационная система,1970-04-26 20:55:45
Клиент 45,Обновление счетчика списка,Информационная система,1970-04-26 20:55:46
Клиент 45,Выбор варианта,Клиент,1970-04-26 20:55:47
Клиент 46,Формирование набора критериев,Клиент,1970-04-26 20:55:48
Клиент 46,Запрос в информационную систему,Менеджер,1970-04-26 20:55:49
Клиент 46,Обновление списка,Информационная система,1970-04-26 20:55:50
Клиент 46,Запрос в информационную систему,Менеджер,1970-04-26 20:55:51
Клиент 46,Обновление списка,Информационная система,1970-04-26 20:55:52
Клиент 46,Запрос в информационную систему,Менеджер,1970-04-26 20:55:53
Клиент 46,Обновление списка,Информационная система,1970-04-26 20:55:54
Клиент 46,Обновление счетчика списка,Информационная система,1970-04-26 20:55:55
Клиент 46,Выбор варианта,Клиент,1970-04-26 20:55:56
Клиент 47,Формирование набора критериев,Клиент,1970-04-26 20:55:57
Клиент 47,Запрос в информационную систему,Менеджер,1970-04-26 20:55:58
Клиент 47,Обновление списка,Информационная система,1970-04-26 20:55:59
Клиент 47,Запрос в информационную систему,Менеджер,1970-04-26 20:56:00
Клиент 47,Обновление списка,Информационная система,1970-04-26 20:56:01
Клиент 47,Запрос в информационную систему,Менеджер,1970-04-26 20:56:02
Клиент 47,Обновление списка,Информационная система,1970-04-26 20:56:03
Клиент 47,Обновление счетчика списка,Информационная система,1970-04-26 20:56:04
Клиент 47,Выбор варианта,Клиент,1970-04-26 20:56:05
Клиент 48,Формирование набора критериев,Клиент,1970-04-26 20:56:06
Клиент 48,Запрос в информационную систему,Менеджер,1970-04-26 20:56:07
Клиент 48,Обновление списка,Информационная система,1970-04-26 20:56:08
Клиент 48,Обновление счетчика списка,Информационная система,1970-04-26 20:56:09
Клиент 48,Выбор варианта,Клиент,1970-04-26 20:56:10
Клиент 49,Формирование набора критериев,Клиент,1970-04-26 20:56:11
Клиент 49,Запрос в информационную систему,Менеджер,1970-04-26 20:56:12
Клиент 49,Обновление списка,Информационная система,1970-04-26 20:56:13
Клиент 49,Обновление счетчика списка,Информационная система,1970-04-26 20:56:14
Клиент 49,Выбор варианта,Клиент,1970-04-26 20:56:15
